auc_roc,f1,precision,recall,test_country,n_test
0.8307488651216742,0.41467455621301774,0.3172763491488591,0.5983606557377049,ethiopia,14721
0.8571422731497533,0.22419483327643108,0.1374930206588498,0.6069008009858287,kenya,55506
0.872361645022512,0.4726203601617053,0.3280612244897959,0.8449408672798949,rwanda,18424
0.8508131396646887,0.5505653598224665,0.44960303762512943,0.7100027255382938,tanzania,25133
0.8743181712820556,0.39435640811787603,0.2576982468889091,0.8395975140574135,uganda,32904
